primer_name,date_created,designed_by,target,seq_5'_3',,
NG_opA_F,5/21/2019,Marjan,opA,CAGGCGTAGGCATCGACATC,,
NG_opA_R,5/21/2019,Marjan,opA,TTTTCCAAGCGTCCCCAGTT,,
NG_cppB_F,5/21/2019,Marjan,cppB,GTATGCGTAGCGACCGAGAA,,
NG_cppB_R,5/21/2019,Marjan,cppB,CGATTGCTGCGTGATTGCTC,,
NG_rpoC_F,5/28/2019,Marjan,rpoC,GCCTTCCATCGTTCCGGTAT,,
NG_rpoC_R,5/28/2019,Marjan,rpoC,GGAACCAACGGACGCAAATC,,
NG_atpA_F,7/1/2019,Marjan,atpA,TACAACTTTGACCGCCCCTG,,
NG_atpA_R,7/2/2019,Marjan,atpA,AGTCAATCGCCTTCAGACCG,,
NG_rpoc_taqMan_F,6/24/2019,Marjan,rpoC,GCCACTTCCGATTTGAACGA,,
NG_rpoC_taqMan_R,6/24/2019,Marjan,rpoC,ATCCAACAGCGAATCAACCG,,
V3_F,5/31/2017,Nadya,16SV3,CCAGACTCCTACGGGAGGCAG,,
V3_R,5/31/2017,Nadya,16SV3,CGTATTACCGCGGCTGCTG,,
